<?xml version="1.0" encoding="UTF-8"?>
<project-private xmlns="http://www.netbeans.org/ns/project-private/1">
    <editor-bookmarks xmlns="http://www.netbeans.org/ns/editor-bookmarks/2" lastBookmarkId="0"/>
    <open-files xmlns="http://www.netbeans.org/ns/projectui-open-files/2">
        <group>
            <file>file:/C:/Users/user/Documents/NetBeansProjects/Final%20Project/Final_Project/FinalProject/src/ui/AddGuestsJPanel.java</file>
            <file>file:/C:/Users/user/Documents/NetBeansProjects/Final%20Project/Final_Project/FinalProject/src/model/RecreationBooking.java</file>
            <file>file:/C:/Users/user/Documents/NetBeansProjects/Final%20Project/Final_Project/FinalProject/src/ui/RecreationJPanel.java</file>
            <file>file:/C:/Users/user/Documents/NetBeansProjects/Final%20Project/Final_Project/FinalProject/src/model/Guest.java</file>
            <file>file:/C:/Users/user/Documents/NetBeansProjects/Final%20Project/Final_Project/FinalProject/src/ui/AllGuestTransactionJPanel.java</file>
            <file>file:/C:/Users/user/Documents/NetBeansProjects/Final%20Project/Final_Project/FinalProject/src/model/Recreation.java</file>
            <file>file:/C:/Users/user/Documents/NetBeansProjects/Final%20Project/Final_Project/FinalProject/src/ui/HotelJPanel.java</file>
            <file>file:/C:/Users/user/Documents/NetBeansProjects/Final%20Project/Final_Project/FinalProject/src/ui/ManageRecreationJPanel.java</file>
            <file>file:/C:/Users/user/Documents/NetBeansProjects/Final%20Project/Final_Project/FinalProject/src/databaseconnection/EmployeeQueries.java</file>
            <file>file:/C:/Users/user/Documents/NetBeansProjects/Final%20Project/Final_Project/FinalProject/src/databaseconnection/JDBCConnection.java</file>
            <file>file:/C:/Users/user/Documents/NetBeansProjects/Final%20Project/Final_Project/FinalProject/src/databaseconnection/GuestQueries.java</file>
            <file>file:/C:/Users/user/Documents/NetBeansProjects/Final%20Project/Final_Project/FinalProject/src/ui/RegisterJFrame.java</file>
            <file>file:/C:/Users/user/Documents/NetBeansProjects/Final%20Project/Final_Project/FinalProject/src/ui/GuestJFrame.java</file>
            <file>file:/C:/Users/user/Documents/NetBeansProjects/Final%20Project/Final_Project/FinalProject/src/model/Room.java</file>
            <file>file:/C:/Users/user/Documents/NetBeansProjects/Final%20Project/Final_Project/FinalProject/src/ui/GuestRecreationBookingJPanel.java</file>
            <file>file:/C:/Users/user/Documents/NetBeansProjects/Final%20Project/Final_Project/FinalProject/src/model/BookHouseKeeping.java</file>
            <file>file:/C:/Users/user/Documents/NetBeansProjects/Final%20Project/Final_Project/FinalProject/src/model/Employee.java</file>
            <file>file:/C:/Users/user/Documents/NetBeansProjects/Final%20Project/Final_Project/FinalProject/src/ui/AllGuestRecreationBookingJPanel.java</file>
            <file>file:/C:/Users/user/Documents/NetBeansProjects/Final%20Project/Final_Project/FinalProject/src/ui/BookingsJPanel.java</file>
            <file>file:/C:/Users/user/Documents/NetBeansProjects/Final%20Project/Final_Project/FinalProject/src/ui/ManagerJFrame.java</file>
            <file>file:/C:/Users/user/Documents/NetBeansProjects/Final%20Project/Final_Project/FinalProject/src/ui/CityTourJPanel.java</file>
            <file>file:/C:/Users/user/Documents/NetBeansProjects/Final%20Project/Final_Project/FinalProject/src/databaseconnection/AddRoomsQuery.java</file>
            <file>file:/C:/Users/user/Documents/NetBeansProjects/Final%20Project/Final_Project/FinalProject/src/ui/ManageGuestsJPanel.java</file>
            <file>file:/C:/Users/user/Documents/NetBeansProjects/Final%20Project/Final_Project/FinalProject/src/databaseconnection/RecreationQueries.java</file>
            <file>file:/C:/Users/user/Documents/NetBeansProjects/Final%20Project/Final_Project/FinalProject/src/ui/GuestBookingTransactionJPanel.java</file>
            <file>file:/C:/Users/user/Documents/NetBeansProjects/Final%20Project/Final_Project/FinalProject/src/ui/OwnerJFrame.java</file>
            <file>file:/C:/Users/user/Documents/NetBeansProjects/Final%20Project/Final_Project/FinalProject/src/ui/AddEmployeesJPanel.java</file>
            <file>file:/C:/Users/user/Documents/NetBeansProjects/Final%20Project/Final_Project/FinalProject/src/ui/DropDestinationJPanel.java</file>
            <file>file:/C:/Users/user/Documents/NetBeansProjects/Final%20Project/Final_Project/FinalProject/src/model/Booking.java</file>
            <file>file:/C:/Users/user/Documents/NetBeansProjects/Final%20Project/Final_Project/FinalProject/src/ui/ViewBookingsJPanel.java</file>
            <file>file:/C:/Users/user/Documents/NetBeansProjects/Final%20Project/Final_Project/FinalProject/src/ui/ManageEmployeesJPanel.java</file>
            <file>file:/C:/Users/user/Documents/NetBeansProjects/Final%20Project/Final_Project/FinalProject/src/ui/AddRoomsJPanel.java</file>
            <file>file:/C:/Users/user/Documents/NetBeansProjects/Final%20Project/Final_Project/FinalProject/src/ui/ReceptionistJFrame.java</file>
            <file>file:/C:/Users/user/Documents/NetBeansProjects/Final%20Project/Final_Project/FinalProject/src/ui/MainJFrame.java</file>
            <file>file:/C:/Users/user/Documents/NetBeansProjects/Final%20Project/Final_Project/FinalProject/src/ui/SchedulePickupJPanel.java</file>
            <file>file:/C:/Users/user/Documents/NetBeansProjects/Final%20Project/Final_Project/FinalProject/src/model/EmployeeLogin.java</file>
            <file>file:/C:/Users/user/Documents/NetBeansProjects/Final%20Project/Final_Project/FinalProject/src/model/EmailFormat.java</file>
        </group>
    </open-files>
</project-private>
